<?xml version="1.0" encoding="UTF-8" ?>
<!DOCTYPE mapper
        PUBLIC "-//mybatis.org//DTD Mapper 3.0//EN"
        "http://mybatis.org/dtd/mybatis-3-mapper.dtd">
<mapper namespace="com.ssafy.vue.mapper.CommentMapper">
	<!-- 게시글 전체 조회 -->
	<select id="boardComment" parameterType="int"
		resultType="comment">
		select commentno, articleno, userid, content, regtime
		from comment
		where articleno = #{articleno}
		order by commentno desc
	</select>

	<!-- 댓글 쓰기 -->
	<insert id="insertComment" parameterType="comment">
		insert into comment(
		articleno, userid, content
		) values (
		#{articleno}, #{userid}, #{content}
		)
		<selectKey resultType="int" order="AFTER" keyProperty="commentno">
	        SELECT LAST_INSERT_ID() as commentno
	    </selectKey>
	</insert>
	
	<!-- 댓글 수정 -->
	<update id="changeComment" parameterType="comment">
		update 	comment 
		set		content = #{content}
		where	commentno = #{commentno}
	</update>
	
	<!-- 댓글 삭제 -->
	<delete id="deleteComment" parameterType="int">
		delete
		from comment
		where commentno = #{commentno}
	</delete>
	
	<select id="select" parameterType="int" resultType="comment">
		select *
		from comment
		where commentno = #{commentno} 
	</select>
	
</mapper>
