<?xml version="1.0" encoding="UTF-8" ?>
<!DOCTYPE mapper
        PUBLIC "-//mybatis.org//DTD Mapper 3.0//EN"
        "http://mybatis.org/dtd/mybatis-3-mapper.dtd">
<mapper namespace="com.ssafy.vue.mapper.HouseInfoMapper">
	<!-- 아파트 정보 전체 조회 -->
	<select id="selectAll" resultType="HouseInfo">
		select h.aptCode, h.buildYear, h.roadName, h.roadNameBonbun, h.roadNameBubun, h.dong, h.dongCode, h.apartmentName, h.jibun, h.lat, h.lng, count(no) as dealCount
		from houseinfo as h left join housedeal using (aptcode)
		group by aptcode
		limit 1000
	</select>
	
	<!-- aptcode에 맞는 아파트 정보 조회 -->
	<select id="selectByid" parameterType="String" resultType="HouseInfo">
		select h.aptCode, h.buildYear, h.roadName, h.roadNameBonbun, h.roadNameBubun, h.dong, h.dongCode, h.apartmentName, h.jibun, h.lat, h.lng, count(no) as dealCount
		from (
			select * 
			from houseinfo 
			where aptCode = #{aptCode}
		)as h 
		left join housedeal
		using (aptcode)
		group by aptcode
	</select>

	<select id="selectBySido" parameterType="String" resultType="HouseInfo">
		select h.aptCode, h.buildYear, h.roadName, h.roadNameBonbun, h.roadNameBubun, h.dong, h.dongCode, h.apartmentName, h.jibun, h.lat, h.lng, count(no) as dealCount
		from (
			select * 
			from houseinfo 
			where dongCode like concat(#{sidoCode},"%")
		)as h 
		left join housedeal 
		using (aptcode)
		group by aptcode
		limit 1000
	</select>
	
	<select id="selectByGugun" parameterType="String" resultType="HouseInfo">
		select h.aptCode, h.buildYear, h.roadName, h.roadNameBonbun, h.roadNameBubun, h.dong, h.dongCode, h.apartmentName, h.jibun, h.lat, h.lng, count(no) as dealCount
		from (
			select * 
			from houseinfo 
			where dongCode like concat(#{gunCode},"%")
		)as h 
		left join housedeal 
		using (aptcode)
		group by aptcode
		limit 1000
	</select>
	
	<select id="selectByDong" parameterType="String" resultType="HouseInfo">		
		select h.aptCode, h.buildYear, h.roadName, h.roadNameBonbun, h.roadNameBubun, h.dong, h.dongCode, h.apartmentName, h.jibun, h.lat, h.lng, count(no) as dealCount
		from (
			select * 
			from houseinfo 
			where dongCode like concat(#{dongCode},"%")
		)as h 
		left join housedeal 
		using (aptcode)
		group by aptcode
		limit 1000
	</select>
	
</mapper>
