<?xml version="1.0" encoding="UTF-8" ?>
<!DOCTYPE mapper PUBLIC "-//mybatis.org//DTD Mapper 3.0//EN" 
	"http://mybatis.org/dtd/mybatis-3-mapper.dtd">

<mapper namespace="com.ssafy.vue.mapper.MemberMapper">

	<select id="login" parameterType="memberDto" resultType="memberDto">
		select username, userid, email
		from ssafy_member
		where userid = #{userid} and userpwd = #{userpwd}
	</select>
	
	<select id="userInfo" parameterType="String" resultType="memberDto">
		select username, userid, email, joindate
		from ssafy_member
		where userid = #{userid}
	</select>
	
	<insert id="regist" parameterType="memberDto">
		insert into ssafy_member (userid, username, userpwd, email)
		value (#{userid}, #{username} , #{userpwd} , #{email} );
	</insert>
	
	<update id="updateMember" parameterType="MemberDto">
		UPDATE ssafy_member SET 
		username = #{username},
		userpwd = #{userpwd}
		WHERE userid = #{userid}
	</update>
	
	<delete id="deleteMember" parameterType="string">
		delete from ssafy_member 
		where userid = #{userid};
	</delete>
	
	
</mapper>